author,followers,tweet_count,created_at,date.enter,date.exit
aaronschock,27410,796,3/12/09 14:04,1/3/09,3/31/15
agbecerra,52808,3812,4/16/10 19:04,1/3/93,1/24/17
alangrayson,74096,2115,5/19/09 1:00,1/3/09,1/3/17
allysonschwartz,4285,197,4/8/13 2:05,1/3/05,1/3/15
amyklobuchar,401354,3922,4/20/09 14:59,1/3/07,NA
andercrenshaw,10696,1160,2/6/09 1:48,1/3/01,1/3/17
ann_kirkpatrick,7230,58,3/25/11 16:32,1/3/09,1/3/17
anthonybrownmd4,6438,1913,4/24/13 21:06,1/3/17,NA
austinscottga08,15875,2289,1/6/11 16:01,1/3/11,NA
bachusal06,8289,532,9/29/09 22:15,1/3/93,1/3/15
barbaraboxer,113654,1760,8/22/08 1:39,1/3/83,1/3/17
benniegthompson,8377,973,10/14/09 20:47,4/13/93,NA
bettymccollum04,23053,3053,3/6/12 20:52,1/3/01,NA
billcassidy,37516,2482,7/10/09 22:02,1/3/09,NA
billpascrell,31460,2697,9/15/09 17:54,1/3/97,NA
bobbyscott,25552,1924,7/1/10 19:57,1/3/93,NA
boblatta,34452,2265,7/11/08 18:33,12/11/07,NA
bradsherman,36435,1357,4/10/09 13:38,1/3/97,NA
brettguthrie,5984,746,2/16/10 1:12,NA,NA
brianschatz,89488,5520,6/16/09 21:54,12/26/12,NA
brucebraley,14664,2996,4/6/09 21:08,1/3/07,1/3/15
call_me_dutch,13288,1212,5/26/11 14:39,1/3/03,NA
candicemiller,11942,873,6/30/08 19:41,1/3/03,12/31/16
cathymcmorris,43365,4308,12/8/08 23:17,1/3/05,NA
cbrangel,29517,1596,2/19/09 16:17,1/3/71,1/3/17
chakafattah,12003,797,6/17/09 19:39,1/3/95,6/23/16
chelliepingree,22155,3281,6/2/08 20:29,1/3/09,NA
chriscoons,84287,4258,7/5/08 11:17,11/15/10,NA
chrismurphyct,632167,14096,5/31/10 1:22,1/3/07,NA
chrisvanhollen,115182,3424,12/15/08 15:00,1/3/03,NA
chuckgrassley,188621,3635,11/26/07 15:17,1/3/75,NA
clairecmc,428180,2496,9/6/08 20:20,1/3/07,NA
clyburn,55414,1268,9/7/10 18:50,1/3/93,NA
collinpeterson,1576,80,2/19/10 14:27,1/3/91,NA
conawaytx11,12011,653,5/9/11 13:56,1/3/05,NA
congbillposey,18120,1252,3/18/09 15:05,1/3/09,NA
congboyle,4525,2218,11/20/15 20:17,NA,NA
congculberson,15192,2586,3/13/09 14:54,1/3/01,NA
conghuelskamp,20174,3313,1/4/11 1:43,1/3/11,1/3/17
congmikesimpson,11401,497,9/21/09 20:26,1/3/99,NA
congpalazzo,13535,2322,5/16/11 20:52,1/3/11,NA
congressmandan,9503,569,1/25/11 14:54,1/3/11,1/3/17
congressmangt,18097,3626,1/14/09 4:54,1/3/09,NA
congressmanhice,12926,1810,1/12/15 18:48,1/3/15,NA
congressmanraja,9609,2073,12/28/16 18:39,1/3/17,NA
congressmanruiz,18974,923,1/14/13 18:58,1/3/13,NA
corrinebrowncon,148,106,10/12/15 19:03,NA,NA
corybooker,3855195,48132,8/11/08 14:41,10/31/13,NA
cynthialummis,14250,1581,3/4/09 20:44,1/3/09,1/3/17
danarohrabacher,36272,3265,1/18/09 8:35,1/3/89,NA
darrellissa,290033,2462,3/2/09 17:39,1/3/01,NA
daveloebsack,6897,907,3/1/12 16:52,1/3/07,NA
davereichert,19891,3227,9/2/08 20:12,1/3/05,NA
davidjollyfl,30547,6582,11/6/13 19:38,3/11/14,1/3/17
davidrouzer,2374,1197,3/30/10 17:36,NA,NA
davidvitter,33355,995,1/15/09 16:49,5/29/99,1/3/17
desjarlaistn04,14277,3482,1/7/11 21:47,1/3/11,NA
devinnunes,52200,210,7/7/09 2:04,1/3/03,NA
dochastings,3646,397,10/31/11 12:59,1/3/95,1/3/15
donaldnorcross,8938,2330,3/27/15 20:08,11/4/14,NA
donnafedwards,14789,1601,8/24/12 19:09,6/17/08,1/3/17
dorismatsui,29189,2611,5/6/09 19:20,3/8/05,NA
drnealdunnfl2,3405,669,1/2/17 16:06,1/3/17,NA
drphilgingrey,15338,1884,4/17/09 18:17,1/3/03,1/3/15
drphilroe,15272,2786,6/30/09 20:07,1/3/09,NA
dwstweets,379197,3267,2/20/10 17:35,1/3/05,NA
eleanornorton,27912,3700,3/10/09 14:47,NA,NA
ericcantor,293950,3235,1/12/09 4:57,1/3/01,8/18/14
farenthold,21687,3561,12/5/08 12:32,1/3/11,NA
franklautenberg,11139,1805,4/20/10 22:36,12/27/82,6/3/13
frankpallone,26762,2220,4/16/09 13:51,11/8/88,NA
gerryconnolly,43975,3679,9/29/09 23:17,1/3/09,NA
gkbutterfield,14913,2838,12/9/11 17:17,7/20/04,NA
gomarlin,1961,198,5/7/09 13:39,NA,NA
gopleader,139880,2839,1/29/09 22:28,1/3/07,NA
gracenapolitano,27746,1933,6/30/10 19:48,1/3/99,NA
greggharper,24888,872,3/11/09 3:02,1/3/09,NA
gregorymeeks,7,1996,11/3/17 6:07,2/3/98,NA
herrerabeutler,16863,682,1/25/11 22:36,1/3/11,NA
howardcoble,3853,687,6/10/11 2:48,NA,NA
hurdonthehill,23669,3691,1/6/15 4:27,1/3/15,NA
inhofepress,14219,3307,2/10/09 21:12,NA,NA
jackkingston,17236,1078,4/30/09 12:52,1/3/93,1/3/15
jacksonleetx18,52389,2453,10/7/09 16:13,1/3/95,NA
jahimes,64217,2642,4/16/09 2:38,1/3/09,NA
janschakowsky,34961,2369,3/13/09 16:03,1/3/99,NA
jasoninthehouse,354368,3946,12/2/08 4:59,1/3/09,6/30/17
jeffflake,405046,2464,8/30/08 17:00,1/3/01,NA
jefffortenberry,17803,2820,1/9/09 16:14,1/3/05,NA
jerrymoran,73382,2064,1/5/09 14:25,1/3/97,NA
jim_jordan,115190,543,12/16/08 17:20,1/3/07,NA
jiminhofe,36558,1071,7/5/07 14:39,1/3/87,NA
jimlangevin,20448,9043,1/12/09 18:36,1/3/01,NA
jimpressoffice,5871,1192,9/28/12 19:31,NA,NA
joaquincastrotx,96554,1856,12/28/10 18:41,1/3/13,NA
johnboozman,58951,3552,4/27/07 16:05,11/20/01,NA
johncarneyde,18832,2371,1/13/11 15:58,1/3/11,1/3/17
johncornyn,126599,3153,2/7/08 19:52,12/2/02,NA
johndingell,213055,2546,1/27/10 18:53,12/13/55,1/3/15
johnkerry,3297678,2355,6/4/08 16:51,1/2/85,2/1/13
johnwalsh,1513,241,9/27/13 22:06,2/9/14,1/3/15
judgecarter,14161,3431,12/10/08 21:00,1/3/03,NA
judgetedpoe,30292,4195,9/14/09 16:40,1/3/05,NA
juliabrownley26,14447,2627,3/5/13 14:51,1/3/13,NA
justinamash,132729,2375,1/4/11 7:09,1/3/11,NA
kamalaharris,1277617,4434,4/11/09 0:42,NA,NA
kayhagan,8302,1424,7/23/08 20:59,1/3/09,1/3/15
keithellison,360735,14978,3/12/08 21:38,1/3/07,NA
keithrothfus,9822,3412,2/6/13 21:51,1/3/13,NA
kellyayotte,67535,3231,12/22/10 20:20,1/3/11,1/3/17
kencalvert,14216,3559,3/2/09 22:30,1/3/93,NA
kycomer,9589,1088,9/21/12 19:51,11/8/16,NA
lacyclaymo1,7743,6777,5/19/12 16:41,1/3/01,NA
lamarsmithtx21,24019,2066,8/14/08 21:53,1/3/87,NA
leeterryne,8353,196,12/22/08 21:14,1/3/99,1/3/15
lindseygrahamsc,282870,3247,5/20/08 13:57,NA,NA
lisamurkowski,165947,3610,12/11/08 21:55,12/20/02,NA
lorettasanchez,19401,797,1/25/10 19:08,1/3/97,1/3/17
louiseslaughter,24384,2398,8/5/09 15:53,1/3/87,NA
ltgovtimgriffin,16933,3270,10/11/10 1:14,1/3/11,1/3/15
lutherstrange,10172,1819,6/17/08 2:02,2/9/17,1/3/18
mactxpress,11847,1061,9/21/11 18:42,NA,NA
marcorubio,3467186,1835,8/6/08 3:07,1/3/11,NA
mariodb,34060,3971,5/2/09 0:52,1/3/03,NA
markamodeinv2,11456,220,11/1/11 13:43,9/13/11,NA
markudall,31442,1997,8/11/07 19:18,1/3/99,1/3/15
markwarner,351103,3117,7/12/07 14:03,1/3/09,NA
marshablackburn,50915,2262,4/6/11 18:05,1/3/03,NA
martinheinrich,142095,4415,1/17/13 20:24,1/3/09,NA
maziehirono,194390,1902,11/24/09 3:10,1/3/07,NA
mccaskilloffice,15057,3566,7/15/09 16:40,NA,NA
mcconnellpress,79202,3793,7/21/11 18:25,NA,NA
michaelcburgess,26123,2319,8/6/08 15:25,1/3/03,NA
michelebachmann,268891,3238,12/18/08 16:10,1/3/07,1/3/15
mickmulvaneyomb,9961,34,7/20/17 13:41,1/3/11,2/16/17
mikecapuano,6974,668,9/20/09 13:23,1/3/99,NA
mikecrapo,54004,3468,6/5/12 22:16,1/3/93,NA
mikehmichaud,9769,760,2/2/09 17:42,1/3/03,1/3/15
mikekellypa,10569,2096,11/8/12 20:31,1/3/11,NA
nancypelosi,1441009,2862,8/7/08 15:35,6/2/87,NA
nikiinthehouse,20715,3557,1/25/11 20:57,10/16/07,NA
nitalowey,24352,1810,12/1/10 16:36,1/3/89,NA
normajtorres,11001,3006,1/10/11 6:30,1/3/15,NA
nydiavelazquez,37198,3618,7/8/10 18:18,1/3/93,NA
patrickmchenry,22783,1392,3/30/09 16:42,1/3/05,NA
patrickmurphyfl,11985,3003,3/6/11 20:59,1/3/13,1/3/17
pattiberi,15543,1773,10/29/12 15:02,1/3/01,1/15/18
pattymurray,400690,4410,5/4/11 20:23,1/3/93,NA
paulbrounmd,12781,797,1/9/09 19:06,7/17/07,1/3/15
peterroskam,25863,1643,2/4/09 0:11,1/3/07,NA
peterwelch,10278,1590,5/7/13 16:10,1/3/07,NA
petesessions,29739,3558,3/16/09 17:54,1/3/97,NA
randpaul,2024810,2704,11/17/10 23:52,1/3/11,NA
randy_forbes,20478,3196,6/18/08 18:32,6/19/01,1/3/17
randyneugebauer,14403,3210,4/22/09 17:46,6/3/03,1/3/17
raul_labrador,21447,2065,2/2/11 16:26,1/3/11,NA
rep_hunter,13869,266,3/26/13 21:04,1/3/09,NA
rep_southerland,8032,671,1/13/11 16:28,1/3/11,1/3/15
rep_stevewomack,17088,3342,1/5/11 18:53,1/3/11,NA
repabraham,10499,456,1/5/15 23:01,1/3/15,NA
repadams,9346,3962,12/11/14 19:54,11/4/14,NA
repadamschiff,620437,3510,4/7/09 17:54,1/3/01,NA
repadamsmith,27244,1748,7/21/09 21:31,1/3/97,NA
repadriansmith,9421,1647,5/10/11 12:52,1/3/07,NA
repalexmooney,5943,1351,1/6/15 17:13,1/3/15,NA
repalgreen,47858,1478,6/16/10 17:20,1/3/05,NA
repallawsonjr,2469,424,1/9/17 15:00,1/3/17,NA
repamata,1560,315,2/9/15 16:00,NA,NA
repandrecarson,31577,3350,10/6/10 15:47,3/11/08,NA
repandybarr,15202,1519,1/14/13 15:29,1/3/13,NA
repandybiggsaz,7015,2248,1/4/17 14:28,1/3/17,NA
repandyharrismd,12032,731,11/20/12 18:31,1/3/11,NA
repannaeshoo,33270,858,2/8/11 21:36,1/3/93,NA
repanniekuster,18767,2183,1/3/13 20:29,1/3/13,NA
repannwagner,17156,1865,1/1/13 0:01,1/3/13,NA
reparrington,3795,540,1/3/17 14:06,1/3/17,NA
repbarbaralee,170378,3732,2/7/11 16:28,4/7/98,NA
repbarragan,6013,1761,1/5/17 2:29,1/3/17,NA
repbeatty,23321,3889,6/19/13 17:47,1/3/13,NA
repbenraylujan,16534,1611,1/22/09 1:00,1/3/09,NA
repbera,26850,2943,11/16/12 1:39,1/3/13,NA
repbetoorourke,83990,2027,1/30/13 14:52,1/3/13,NA
repbillenyart,2314,386,1/7/13 14:42,1/3/13,1/3/15
repbillflores,17444,2648,1/12/11 15:20,1/3/11,NA
repbillfoster,40697,1964,1/11/13 18:17,3/8/08,NA
repbilljohnson,30366,3465,11/3/10 14:33,1/3/11,NA
repbillshuster,19872,3300,3/2/09 20:04,5/15/01,NA
repblainepress,9072,1634,9/9/13 19:53,1/3/09,NA
repblumenauer,53258,3053,8/23/08 6:38,5/21/96,NA
repbobbyrush,13776,1138,5/25/11 20:59,1/3/93,NA
repbobgibbs,28299,1118,1/6/11 17:17,1/3/11,NA
repbonamici,22582,2310,4/20/12 16:30,1/31/12,NA
repbonnie,10554,1366,1/8/15 20:18,1/3/15,NA
repbost,5526,1182,1/6/15 19:55,1/3/15,NA
repbradwenstrup,17198,2742,3/8/12 16:25,1/3/13,NA
repbrady,12193,715,5/26/10 18:53,5/19/98,NA
repbrianbabin,8435,2020,12/18/14 13:28,1/3/15,NA
repbrianfitz,4309,637,1/3/17 15:20,1/3/17,NA
repbrianhiggins,22361,10442,4/20/09 16:47,1/3/05,NA
repbrianmast,5606,687,12/28/16 13:41,1/3/17,NA
repbrochester,3965,337,1/5/17 16:48,1/3/17,NA
repbuddycarter,9475,1236,1/12/15 0:33,1/3/15,NA
repbyrne,16376,9985,12/19/13 19:42,12/17/13,NA
repcarbajal,5025,645,1/3/17 5:42,1/3/17,NA
repcardenas,17304,1274,2/26/13 16:12,1/3/13,NA
repcartwright,9444,636,8/23/12 20:05,1/3/13,NA
repcharliecrist,4909,1329,1/2/17 21:16,1/3/17,NA
repcharliedent,15189,1515,1/24/11 16:58,1/3/05,NA
repcheri,29587,2391,1/15/13 19:15,1/3/13,NA
repchriscollins,20918,3430,1/3/13 16:55,1/3/13,NA
repchrisgibson,10968,1686,1/6/11 23:23,1/3/11,1/3/17
repchrissmith,18490,1041,3/22/13 18:03,1/3/81,NA
repchrisstewart,16642,2815,1/8/13 21:08,1/3/13,NA
repchuck,12803,1767,1/7/11 15:46,1/3/11,NA
repcicilline,13584,2294,1/12/12 16:26,1/3/11,NA
repcleaver,32419,3733,7/6/10 19:14,1/3/05,NA
repcohen,42426,1913,7/2/10 15:10,1/3/07,NA
repcomstock,14689,2754,12/20/14 15:03,1/3/15,NA
repcuellar,20722,3417,11/1/10 20:20,1/3/05,NA
repcummings,178620,2504,8/28/12 16:37,4/16/96,NA
repcurbelo,15236,1986,10/31/14 14:01,1/3/15,NA
repcurtclawson,2966,397,8/13/14 19:15,6/24/14,1/3/17
repdandonovan,3757,1570,7/1/15 19:06,5/5/15,NA
repdankildee,32214,2199,12/29/12 15:05,1/3/13,NA
repdannydavis,8858,1131,8/29/12 12:31,1/3/97,NA
repdarrensoto,4615,1207,1/10/17 6:57,1/3/17,NA
repdavebrat,12834,1241,6/11/14 0:22,11/4/14,NA
repdavejoyce,18142,3386,11/28/12 21:12,1/3/13,NA
repdavetrott,9859,426,11/9/14 22:42,1/3/15,NA
repdavid,21770,1457,12/21/10 19:48,1/3/11,NA
repdavideprice,21268,857,6/14/10 19:44,1/3/87,NA
repdavidkustoff,3541,468,1/2/17 20:03,1/3/17,NA
repdavidscott,16484,1709,7/20/10 14:10,1/3/03,NA
repdavidvaladao,13319,490,1/28/13 16:19,1/3/13,NA
repdavidyoung,9336,3645,6/9/11 21:48,1/3/15,NA
repdebdingell,32562,1968,1/9/15 19:15,1/3/15,NA
repdelbene,22531,3392,12/7/12 14:40,11/6/12,NA
repdennisross,16788,917,4/20/09 20:43,1/3/11,NA
repdennyheck,19714,2368,1/7/13 14:55,1/3/13,NA
repderekkilmer,23754,1786,1/3/13 22:15,1/3/13,NA
repdesantis,153518,410,1/3/13 21:20,1/3/13,NA
repdesaulnier,11501,1801,1/8/15 15:32,1/3/15,NA
repdevinnunes,15027,149,7/29/11 21:40,NA,NA
repdianadegette,39354,3613,4/3/09 16:41,1/3/97,NA
repdianeblack,25359,3529,2/1/10 22:58,1/3/11,NA
repdinatitus,29794,3076,3/11/10 21:05,1/3/09,NA
repdlamborn,14634,3685,5/18/12 16:01,1/3/07,NA
repdonaldpayne,10931,3549,2/6/13 22:52,11/6/12,NA
repdonbacon,3603,2338,1/11/17 0:17,NA,NA
repdonbeyer,54993,9750,1/5/15 22:09,1/3/15,NA
repdonyoung,15753,1456,5/1/09 18:31,3/6/73,NA
repdougcollins,14536,1049,1/4/13 13:43,1/3/13,NA
repdrewferguson,2848,878,12/7/16 19:39,1/3/17,NA
repdwightevans,10271,8053,11/17/09 14:25,11/8/16,NA
repdwstweets,12389,2455,2/1/13 20:31,NA,NA
repebj,30599,2973,7/19/10 14:25,1/3/93,NA
repedroyce,26984,2412,2/3/11 12:40,1/3/93,NA
repedwhitfield,8585,1066,1/6/11 21:36,1/3/95,9/6/16
repeliotengel,21875,1596,7/7/10 20:34,1/3/89,NA
reperikpaulsen,19067,3738,11/20/08 15:28,1/3/09,NA
repespaillat,7658,4026,1/5/17 18:32,1/3/17,NA
repesty,21453,2919,1/4/13 17:36,1/3/13,NA
repevanjenkins,6638,2421,12/31/14 20:52,1/3/15,NA
repfilemonvela,11122,1241,1/12/13 16:24,1/3/13,NA
repfinchertn08,9220,1792,2/8/11 16:24,1/3/11,1/3/17
repfitzpatrick,12857,3200,1/14/11 0:38,1/3/05,1/3/17
repfleming,13519,1640,10/23/09 15:42,1/3/09,1/3/17
repfranklucas,10675,651,1/25/11 15:24,5/10/94,NA
repfredupton,22232,1083,3/18/10 17:34,1/3/87,NA
repfrenchhill,12931,1548,12/31/14 23:54,1/3/15,NA
repgallagher,7009,1153,1/2/17 17:02,1/3/17,NA
repgaramendi,23369,3729,11/10/09 0:31,11/3/09,NA
repgarretgraves,7333,2158,12/30/14 17:51,1/3/15,NA
repgarrett,6696,398,11/20/12 15:44,1/3/03,1/3/17
repgarymiller,4411,288,6/14/10 18:12,1/3/99,1/3/15
repgenegreen,17487,2244,2/5/10 16:37,1/3/93,NA
repgonzalez,1568,404,1/9/17 19:13,1/3/17,NA
repgoodlatte,41922,3582,5/5/09 13:18,1/3/93,NA
repgosar,28905,1948,1/20/11 17:44,1/3/11,NA
repgracemeng,21287,3508,12/31/12 20:28,1/3/13,NA
repgregwalden,24590,1323,4/16/09 17:31,1/3/99,NA
repgrothman,4255,1047,1/13/15 15:08,1/3/15,NA
repgusbilirakis,24698,3333,3/23/09 17:56,1/3/07,NA
repguthrie,10264,399,9/26/13 14:37,1/3/09,NA
repgutierrez,77087,1489,5/1/09 14:03,1/3/93,NA
repgwenmoore,30234,2755,3/3/09 20:02,1/3/05,NA
rephalrogers,13400,3378,4/10/12 19:59,1/3/81,NA
rephanabusa,10544,1090,1/8/11 1:13,11/8/16,NA
rephankjohnson,28804,1489,3/16/09 18:52,1/3/07,NA
rephartzler,18907,3700,1/13/11 15:38,1/3/11,NA
rephastingsfl,15149,559,4/8/14 14:53,1/3/93,NA
rephensarling,22812,953,1/2/09 23:08,1/3/03,NA
repholding,12041,680,1/3/13 18:27,1/3/13,NA
rephorsford,7573,1606,10/13/11 2:23,1/3/13,1/3/15
rephuffman,22930,772,1/8/13 14:52,1/3/13,NA
rephuizenga,16987,561,1/4/11 14:01,1/3/11,NA
rephultgren,16713,3443,1/13/11 18:03,1/3/11,NA
repjackbergman,3341,629,12/31/16 17:02,1/3/17,NA
repjackyrosen,5862,1569,1/9/17 20:24,1/3/17,NA
repjaredpolis,13645,2402,1/13/12 19:19,1/3/09,NA
repjasonlewis,5326,701,1/2/17 22:22,1/3/17,NA
repjasonsmith,22399,2689,7/26/13 16:13,6/4/13,NA
repjayapal,39124,7508,1/2/17 1:35,1/3/17,NA
repjbridenstine,22772,1434,1/15/13 17:33,1/3/13,NA
repjeffdenham,20197,940,2/7/11 15:01,1/3/11,NA
repjeffduncan,51038,3712,1/19/11 20:45,1/3/11,NA
repjeffmiller,3856,442,1/4/13 20:01,10/16/01,1/3/17
repjeffries,42825,2614,1/18/12 21:54,1/3/13,NA
repjenniffer,6006,2213,1/13/17 3:15,NA,NA
repjerrynadler,48712,3178,5/15/09 18:37,11/3/92,NA
repjimbanks,4593,1524,1/3/17 3:57,1/3/17,NA
repjimcooper,20605,2521,3/2/09 14:25,1/3/83,NA
repjimcosta,14819,1604,1/31/11 18:42,1/3/05,NA
repjimmatheson,7903,1175,6/10/09 2:35,1/3/01,1/3/15
repjimmcdermott,15756,1890,4/12/10 15:27,1/3/89,1/3/17
repjimmypanetta,5055,958,11/10/16 15:29,1/3/17,NA
repjimrenacci,27041,3732,1/11/11 17:20,1/3/11,NA
repjoebarton,28131,2078,2/2/09 20:30,1/3/85,NA
repjoecourtney,21674,3078,10/26/09 19:45,1/3/07,NA
repjoecrowley,27692,2701,2/5/10 16:39,1/3/99,NA
repjoegarcia,2671,1402,11/9/12 21:29,1/3/13,1/3/15
repjoekennedy,422519,2494,1/2/13 19:33,1/3/13,NA
repjoewilson,11387,1617,2/18/11 15:18,12/18/01,NA
repjohnconyers,44560,2012,4/30/10 14:49,1/3/65,12/5/17
repjohndelaney,17949,3124,11/9/12 20:40,1/3/13,NA
repjohnduncanjr,5059,663,9/19/13 14:50,11/8/88,NA
repjohnfaso,4970,537,1/2/17 14:44,1/3/17,NA
repjohnkatko,8639,551,1/7/15 21:51,1/3/15,NA
repjohnkline,8784,3044,9/22/09 14:43,1/3/03,1/3/17
repjohnlarson,21994,2650,6/24/09 21:47,1/3/99,NA
repjohnlewis,814038,1823,4/7/09 13:49,1/3/87,NA
repjohnyarmuth,27645,872,10/4/11 15:07,1/3/07,NA
repjonrunyan,6007,196,6/1/11 20:22,1/3/11,1/3/15
repjoseserrano,23484,1816,4/20/09 16:06,3/20/90,NA
repjoshg,4028,1081,12/31/16 21:35,1/3/17,NA
repjuanvargas,16414,1705,3/11/13 19:04,1/3/13,NA
repjudychu,46099,2175,9/22/10 15:18,6/14/09,NA
repkarenbass,68191,2111,1/18/11 20:25,1/3/11,NA
repkathleenrice,28649,2223,1/9/15 21:18,1/3/15,NA
repkaygranger,16595,1500,7/1/10 17:14,1/3/97,NA
repkclark,56249,3545,1/15/14 18:53,12/10/13,NA
repkenbuck,12340,1180,11/5/14 14:49,1/3/15,NA
repkenmarchant,23116,3328,3/12/09 16:19,1/3/05,NA
repkerryb,3586,1124,11/23/12 16:41,1/3/13,1/3/15
repkevinbrady,34478,3782,2/2/09 19:57,1/3/97,NA
repkevincramer,11112,2671,12/30/12 20:54,1/3/13,NA
repkevinyoder,27038,2334,2/16/11 0:04,1/3/11,NA
repkihuen,10255,1525,1/3/17 13:56,1/3/17,NA
repkinzinger,37281,6489,11/24/10 21:04,1/3/11,NA
repkristinoem,26699,3710,1/7/11 18:44,1/3/11,NA
replahood,7303,632,9/17/15 14:16,9/10/15,NA
replamalfa,11120,420,1/7/13 20:07,1/3/13,NA
replancenj7,13861,720,6/20/12 20:19,1/3/09,NA
replarrybucshon,17201,2759,1/6/11 16:45,1/3/11,NA
replawrence,10078,1327,11/5/14 18:46,1/3/15,NA
repleezeldin,16438,1014,8/20/14 19:25,1/3/15,NA
replindasanchez,27940,831,6/6/11 16:50,1/3/03,NA
replipinski,10747,2028,12/13/12 17:03,1/3/05,NA
replizcheney,2943,181,1/4/17 18:55,1/3/17,NA
replloyddoggett,28799,4021,6/9/10 23:53,1/3/95,NA
replobiondo,15117,3567,1/21/11 18:28,1/3/95,NA
reploiscapps,12304,796,5/4/11 15:39,3/10/98,1/3/17
reploisfrankel,18957,3770,1/10/13 16:58,1/3/13,NA
reploubarletta,21359,2579,1/18/11 16:37,1/3/11,NA
reploudermilk,9751,1598,12/10/14 18:53,1/3/15,NA
replouiegohmert,96591,2288,2/26/09 20:14,1/3/05,NA
replowenthal,23281,1018,1/2/13 18:11,1/3/13,NA
replujangrisham,24398,1891,1/4/13 20:46,1/3/13,NA
replukemesser,13563,1393,12/29/12 20:06,1/3/13,NA
replynnjenkins,23430,1394,1/28/09 15:54,1/3/09,NA
repmaloney,24755,4024,2/28/11 19:06,1/3/93,NA
repmarciafudge,30256,2424,6/8/10 17:54,11/18/08,NA
repmarcykaptur,15781,3272,5/15/12 16:57,1/3/83,NA
repmarkmeadows,52847,2198,11/22/12 2:20,1/3/13,NA
repmarkpocan,65706,3851,2/21/13 22:59,1/3/13,NA
repmarktakai,2968,710,1/12/15 21:41,1/3/15,7/20/16
repmarktakano,44401,2401,12/26/12 14:58,1/3/13,NA
repmarktakano,44401,2401,12/26/12 14:58,1/3/13,NA
repmarkwalker,9022,1733,1/7/15 16:20,1/3/15,NA
repmartharoby,28320,3583,12/8/10 16:56,1/3/11,NA
repmattgaetz,27345,1095,1/10/17 22:32,1/3/17,NA
repmaxinewaters,673499,2037,4/30/09 15:17,1/3/91,NA
repmccarthyny,4938,186,6/1/10 17:15,1/3/97,1/3/15
repmccaul,22787,3057,3/25/09 3:54,1/3/05,NA
repmcclintock,12764,369,6/24/09 0:21,1/3/09,NA
repmceachin,4356,1530,1/3/17 7:15,1/3/17,NA
repmcgovern,35904,7077,1/24/11 19:18,1/3/97,NA
repmckinley,26841,2100,1/19/11 22:29,1/3/11,NA
repmcnerney,19104,1884,10/5/11 13:52,1/3/07,NA
repmcsally,26223,1491,1/6/15 20:39,1/3/15,NA
repmeehan,17841,546,2/7/11 21:19,1/3/11,NA
repmgriffith,22780,1083,1/4/11 19:05,1/3/11,NA
repmialove,34034,1154,1/13/15 15:44,1/3/15,NA
repmikebishop,10182,1648,12/10/14 22:19,1/3/15,NA
repmikecapuano,8039,276,6/28/16 14:57,1/3/99,NA
repmikecoffman,34418,3104,1/23/09 19:04,1/3/09,NA
repmikehonda,24412,996,10/3/08 20:18,1/3/01,1/3/17
repmikequigley,34016,4198,7/15/09 0:10,4/7/09,NA
repmikerogers,17267,2628,6/17/10 17:32,1/3/01,1/3/15
repmikerogersal,21076,3479,4/21/09 17:43,1/3/03,NA
repmiketurner,18126,1964,6/26/09 21:15,1/3/03,NA
repmimiwalters,11536,2001,6/17/09 0:59,1/3/15,NA
repmobrooks,24654,1480,1/12/11 14:46,1/3/11,NA
repmoolenaar,6786,714,7/31/14 21:09,1/3/15,NA
repmullin,14182,1053,1/4/13 12:43,1/3/13,NA
repnewhouse,8294,1080,12/18/14 20:19,1/3/15,NA
repnickrahall,1044,294,2/5/14 17:16,1/3/77,1/3/15
repohalleran,6500,1477,12/12/16 21:02,1/3/17,NA
reppaulcook,11444,1520,1/9/13 17:43,1/3/13,NA
reppaulmitchell,2948,628,12/21/16 18:01,1/3/17,NA
reppaultonko,21887,3372,10/21/09 17:24,1/3/09,NA
repperlmutter,27586,1411,2/10/09 22:17,1/3/07,NA
reppeteaguilar,7322,1251,2/4/15 21:01,1/3/15,NA
reppeteking,30824,2414,12/21/08 2:49,1/3/93,NA
reppeteolson,8604,3885,2/4/09 13:40,1/3/09,NA
reppeterdefazio,24024,1102,2/14/11 20:20,1/3/87,NA
reppittenger,12627,3503,11/15/12 19:31,1/3/13,NA
reppoliquin,7406,1313,12/19/14 21:32,1/3/15,NA
repraskin,23389,3443,12/8/16 17:00,1/3/17,NA
repratcliffe,14919,1934,10/27/14 20:20,1/3/15,NA
repraulgrijalva,30391,3381,4/3/09 16:55,1/3/03,NA
repreneeellmers,17905,177,11/9/10 12:15,1/3/11,1/3/17
repribble,10844,1061,1/4/11 18:55,1/3/11,1/3/17
reprichardhanna,12397,398,1/11/11 16:34,1/3/11,1/3/17
reprichardneal,13961,1258,12/21/11 14:18,1/3/89,NA
reprichhudson,14196,1844,11/8/12 17:41,1/3/13,NA
reprichmond,24348,2237,3/17/11 17:30,1/3/11,NA
reprichnugent,3415,68,1/10/11 17:48,1/3/11,1/3/17
reprickallen,13668,1150,1/6/15 14:45,1/3/15,NA
reprickcrawford,15403,3148,1/3/11 21:57,1/3/11,NA
repricklarsen,16260,4415,11/3/11 13:59,1/3/01,NA
reproberthurt,16972,2638,1/6/11 18:01,1/3/11,1/3/17
reprobinkelly,21142,2530,4/9/13 19:02,4/9/13,NA
reprobwoodall,7435,647,3/10/14 21:01,1/3/11,NA
reprodblum,9846,1353,1/6/15 22:59,1/3/15,NA
reprokhanna,11117,3080,1/3/17 15:03,1/3/17,NA
repronbarber,3992,1911,6/19/12 0:10,6/12/12,1/3/15
repronestes,2132,179,4/19/17 15:15,4/11/17,NA
repronkind,12385,1181,2/9/10 15:14,1/3/97,NA
reprooney,3613,695,1/3/17 2:39,1/3/17,NA
reproybalallard,20071,3362,1/31/12 21:30,1/3/93,NA
reprubengallego,73596,3213,1/7/15 19:31,1/3/15,NA
reprussell,6184,425,1/7/15 21:24,1/3/15,NA
reprwilliams,8456,3169,1/10/13 19:21,1/3/13,NA
repryancostello,9577,1466,12/31/14 22:38,1/3/15,NA
repsamgraves,12354,3374,4/8/09 17:20,1/3/01,NA
repsandylevin,26429,1276,3/22/09 4:32,1/3/83,NA
repsanfordsc,11359,2210,6/11/13 1:55,1/3/95,NA
repsarbanes,17067,1084,8/29/11 18:44,1/3/07,NA
repschneider,6685,1791,1/8/13 19:59,1/3/13,NA
repschrader,22020,699,2/10/09 21:04,1/3/09,NA
repscottperry,12844,2982,1/8/09 18:29,1/3/13,NA
repscottpeters,21012,4215,1/30/13 23:28,1/3/13,NA
repscottrigell,15833,2996,12/1/10 16:41,1/3/11,1/3/17
repseanduffy,30696,4296,1/4/11 17:28,1/3/11,NA
repseanmaloney,24632,1270,1/9/13 1:00,1/3/13,NA
repsheaporter,6179,1166,3/25/10 1:42,1/3/07,NA
repshimkus,26956,3795,7/25/08 17:01,1/3/97,NA
repsinema,26786,2976,1/11/13 20:31,1/3/13,NA
repsires,16338,2358,1/6/09 21:22,11/7/06,NA
repsmucker,5871,1153,5/20/09 18:31,1/3/17,NA
repspeier,107469,3649,3/17/09 17:02,4/8/08,NA
repstefanik,15274,2944,1/5/15 22:17,1/3/15,NA
repstephenlynch,15898,3156,6/3/11 14:48,10/16/01,NA
repstephmurphy,12009,1138,11/9/16 2:51,1/3/17,NA
repstevechabot,24210,1785,1/13/11 15:03,1/3/95,NA
repsteveisrael,29991,855,2/3/09 20:45,1/3/01,1/3/17
repstevepearce,11685,3321,1/7/11 19:44,1/3/03,NA
repstevestivers,29101,2912,11/3/10 5:57,1/3/11,NA
repsusandavis,16587,1816,12/9/11 19:22,1/3/01,NA
repswalwell,185576,7689,11/11/12 20:26,1/3/13,NA
reptedbudd,2983,546,1/5/17 22:39,1/3/17,NA
repteddeutch,25698,2521,4/27/10 19:51,4/13/10,NA
reptedlieu,94999,3661,2/19/15 20:08,1/3/15,NA
reptedyoho,20158,920,1/8/13 20:25,1/3/13,NA
reptenney,3302,1166,11/11/16 22:15,NA,NA
repterrisewell,28050,2715,9/27/11 20:47,1/3/11,NA
repthomasmassie,39923,1633,11/28/12 2:33,11/6/12,NA
repthompson,20848,6045,5/23/11 14:58,1/3/99,NA
reptierney,6350,1594,10/3/11 16:10,1/3/97,1/3/15
reptimjohnson,1943,284,2/11/11 17:01,1/3/01,1/3/13
reptimmurphy,NA,3222,,1/3/03,10/21/17
reptimryan,52289,2120,2/14/08 21:57,1/3/03,NA
reptimwalz,11910,3105,3/12/13 20:27,1/3/07,NA
reptipton,17671,2550,1/25/11 20:01,1/3/11,NA
reptomemmer,7449,3483,12/10/14 21:44,1/3/15,NA
reptomgraves,17235,1243,9/13/10 17:36,6/8/10,NA
reptommacarthur,12227,1812,1/5/15 23:22,1/3/15,NA
reptommarino,20794,2893,1/19/11 19:11,1/3/11,NA
reptomprice,40227,2594,6/4/07 19:24,1/3/05,2/10/17
reptomreed,14584,2307,2/16/11 0:03,11/2/10,NA
reptomrice,13392,901,1/3/13 17:35,1/3/13,NA
reptomsuozzi,3593,414,1/4/17 17:58,1/3/17,NA
reptrentfranks,NA,469,,1/3/03,12/8/17
reptrentkelly,7939,848,6/10/15 19:56,6/2/15,NA
reptrey,5700,193,12/22/16 17:26,1/3/17,NA
repvaldemings,6229,1308,11/16/16 19:36,1/3/17,NA
repveasey,15634,2782,1/9/13 15:49,1/3/13,NA
repvisclosky,11608,1779,9/22/10 21:24,1/3/85,NA
repwalberg,14552,3530,1/13/11 20:26,1/3/07,NA
repwalorski,14246,3348,1/6/13 15:41,1/3/13,NA
repwalterjones,22956,976,3/26/09 15:50,1/3/95,NA
repwebster,18270,3100,4/13/11 13:47,1/3/11,NA
repwesterman,7944,2080,10/31/14 3:57,1/3/15,NA
repwilson,61354,8607,1/4/11 17:08,1/3/11,NA
repyvetteclarke,39892,3221,1/20/11 20:14,1/3/07,NA
repzoelofgren,31251,1131,3/17/11 21:06,1/3/95,NA
robert_aderholt,19039,1368,9/22/09 21:16,1/3/97,NA
robwittman,25539,811,7/8/08 18:25,12/11/07,NA
rodneydavis,15398,3264,12/6/12 14:20,1/3/13,NA
rogermarshallmd,2969,863,3/3/13 23:50,1/3/17,NA
ronwyden,381761,4063,2/10/11 16:08,1/3/81,NA
rosadelauro,33086,877,5/5/10 18:11,1/3/91,NA
roslehtinen,115088,19385,4/1/08 14:59,8/29/89,NA
royblunt,78174,3843,2/19/09 2:58,1/3/97,NA
samspressshop,10361,1078,2/8/11 19:01,5/8/91,NA
sanfordbishop,15796,1708,2/9/11 0:23,1/3/93,NA
saxbychambliss,11639,854,3/27/12 14:03,1/3/95,1/3/15
scotttaylorva,13684,1695,5/25/09 3:04,NA,NA
sen_joemanchin,137745,3493,1/5/11 14:13,11/15/10,NA
senalexander,76088,3640,9/23/09 13:58,1/3/03,NA
senangusking,189370,3212,1/7/13 14:52,1/3/13,NA
senatemajldr,470548,2751,3/7/13 20:21,1/3/85,NA
senatorbaldwin,87835,9676,1/9/13 18:29,1/3/99,NA
senatorbarb,59167,3216,4/12/10 20:06,1/3/77,1/3/17
senatorbegich,19688,1198,10/20/09 18:47,1/3/09,1/5/15
senatorburr,104062,3393,2/18/09 1:53,1/3/95,NA
senatorcantwell,216886,4077,2/25/10 19:21,1/3/93,NA
senatorcardin,243925,3840,1/27/10 22:03,1/3/87,NA
senatorcarper,76723,3897,2/9/11 19:46,1/3/83,NA
senatorcollins,376894,2462,1/29/09 18:56,1/3/97,NA
senatordurbin,497393,10340,2/4/11 15:50,1/3/83,NA
senatorenzi,60141,3420,5/2/11 15:26,1/3/97,NA
senatorfischer,52892,3651,1/8/13 16:49,1/3/13,NA
senatorharkin,22403,2578,2/19/10 18:47,1/3/75,1/3/15
senatorhassan,139482,4095,11/13/12 21:27,1/3/17,NA
senatorheitkamp,67736,9430,1/4/13 17:57,1/3/13,NA
senatorisakson,52720,3744,9/29/09 20:09,2/23/99,NA
senatorkirk,58290,3222,11/3/10 17:51,1/3/01,1/3/17
senatorlankford,59093,3249,12/12/10 20:33,1/3/11,NA
senatorleahy,141217,10011,1/25/11 18:20,1/3/75,NA
senatormenendez,143859,3437,1/6/09 21:01,1/3/93,NA
senatorreid,457788,3204,10/15/08 19:42,1/3/83,1/3/17
senatorrisch,48539,1005,1/16/13 18:58,1/3/09,NA
senatorrounds,17044,2079,1/1/15 20:23,1/3/15,NA
senatorshaheen,82982,3755,1/28/10 15:22,1/3/09,NA
senatortester,95500,1044,3/5/12 20:13,1/3/07,NA
senatortimscott,364068,3673,11/19/10 20:34,1/3/11,NA
senatortomudall,145032,3828,7/28/09 6:10,1/3/99,NA
senatorwicker,56313,3659,3/11/11 14:59,1/3/95,NA
senbennetco,203453,1781,12/8/10 16:29,1/22/09,NA
senbillnelson,294491,447,2/11/09 15:44,1/3/79,NA
senblumenthal,377779,4392,4/6/11 17:13,1/3/11,NA
senbobcasey,385591,6537,7/27/10 18:38,1/3/07,NA
senbobcorker,357915,3398,9/11/09 3:56,1/3/07,NA
senbookeroffice,NA,3050,,NA,NA
senbrianschatz,29149,1378,3/12/13 14:23,NA,NA
sencapito,51108,3916,9/22/10 18:06,1/3/01,NA
sencarllevin,29221,997,12/1/09 1:44,1/3/79,1/3/15
sencortezmasto,24174,2457,12/20/16 20:53,1/3/17,NA
sencorygardner,94432,3451,1/7/11 17:02,1/3/11,NA
sendansullivan,16558,1854,11/5/14 21:25,1/3/15,NA
sendavidperdue,44740,2860,11/5/14 20:58,1/3/15,NA
sendeanheller,91152,2691,3/14/11 18:31,1/3/07,NA
sendonnelly,88571,3792,11/16/10 22:24,1/3/07,NA
senduckworth,294169,3589,1/3/13 18:59,1/3/13,NA
senfeinstein,829958,4249,1/27/12 23:06,11/10/92,NA
senfranken,392624,3987,7/28/10 16:11,7/7/09,1/2/18
sengarypeters,111548,3580,1/10/11 19:17,1/3/09,NA
sengillibrand,1094054,5786,9/7/09 3:53,1/3/07,NA
senjackreed,64373,2982,2/8/12 15:24,1/3/91,NA
senjeffmerkley,342727,6608,4/6/09 13:38,1/3/09,NA
senjohnbarrasso,78911,3178,10/13/10 14:49,6/25/07,NA
senjohnhoeven,55753,2396,9/30/11 17:55,1/3/11,NA
senjohnkennedy,11008,700,1/4/17 16:30,1/3/17,NA
senjohnmccain,3133458,4073,1/23/09 13:42,1/3/83,NA
senjohnthune,89258,2502,5/10/11 16:41,1/3/97,NA
senjoniernst,31773,1717,11/2/14 13:32,NA,NA
senkaineoffice,NA,435,,NA,NA
senlandrieu,16813,1398,11/15/11 22:40,1/3/97,1/3/15
senmarkey,105238,9111,2/20/09 15:49,7/16/13,NA
senmarkey,105238,9111,2/20/09 15:49,11/2/76,NA
senmikelee,415589,3393,11/9/09 22:47,1/3/11,NA
senmocowan,2666,249,2/5/13 18:10,2/1/13,7/15/13
senmurphyoffice,2860,860,10/31/14 20:54,NA,NA
senorrinhatch,63941,8229,3/8/11 18:04,1/3/77,NA
senpatroberts,50656,2575,9/18/09 19:34,1/3/81,NA
senrobportman,120330,10491,1/12/09 20:56,5/4/93,NA
senronjohnson,82288,2886,1/4/11 0:25,1/3/11,NA
senrubiopress,41966,3984,12/23/10 21:22,NA,NA
sensanders,7355924,4263,4/7/09 13:02,1/3/91,NA
sensasse,98011,847,1/5/15 22:39,1/3/15,NA
senschumer,1334298,10632,11/19/08 20:10,1/3/81,NA
senshelby,64106,1108,2/17/09 17:53,1/3/79,NA
sensherrodbrown,341958,4017,6/1/09 16:07,1/3/93,NA
senstabenow,83573,3195,9/22/09 21:30,1/3/97,NA
sentedcruz,1069215,4304,1/9/13 18:11,1/3/13,NA
senthadcochran,56363,2039,4/16/12 22:33,1/3/73,NA
senthomtillis,49092,1428,1/6/15 14:22,1/3/15,NA
sentoddyoung,34566,1345,1/4/11 22:35,1/3/11,NA
sentomcotton,119180,7073,11/24/12 19:33,1/3/13,NA
sentoomey,108079,1113,11/29/10 22:32,1/3/99,NA
senwarren,4089961,2818,11/25/12 15:14,1/3/13,NA
senwhitehouse,227483,4855,1/25/11 1:52,1/3/07,NA
speakerryan,3362712,10228,1/12/09 21:31,1/3/99,NA
staceyplaskett,5011,344,8/11/14 14:40,NA,NA
stevedaines,40698,1436,12/30/07 5:52,1/3/13,NA
stevekingia,79776,2129,6/17/09 21:09,1/3/03,NA
steveknight25,4475,790,1/12/15 13:24,1/3/15,NA
stevescalise,242918,3700,2/22/13 18:10,5/3/08,NA
stockmansenate,6280,597,3/1/12 4:49,1/3/95,1/3/15
supjanicehahn,14431,2966,7/21/11 19:22,7/12/11,12/4/16
susanwbrooks,16533,4004,1/9/13 15:30,1/3/13,NA
teammoulton,6903,2927,3/13/15 14:26,NA,NA
tgowdysc,741709,1840,1/12/11 16:57,1/3/11,NA
timkaine,912485,971,7/30/10 20:00,1/3/13,NA
toddrokita,20581,2886,11/21/08 20:10,1/3/11,NA
tomcoleok04,17359,1157,3/6/09 21:54,1/3/03,NA
tomrooney,20790,2810,3/12/09 15:44,1/3/09,NA
treyradel,8277,1895,11/5/08 21:29,1/3/13,1/27/14
tulsipress,95480,2539,1/5/13 22:57,1/3/13,NA
txrandy14,12076,2336,1/3/13 15:30,1/3/13,NA
usrepgarypalmer,13086,1758,11/4/14 22:58,1/3/15,NA
usrepkcastor,12258,1304,9/18/13 20:03,1/3/07,NA
usrepkeating,12900,234,1/1/11 23:58,1/3/11,NA
usreplong,14696,3457,5/20/13 15:02,1/3/11,NA
usrepmikedoyle,16212,1044,5/11/09 13:22,1/3/95,NA
usreprhinojosa,11395,2124,1/18/11 18:13,1/3/97,1/3/17
usrepricknolan,11044,2562,1/2/13 17:51,1/3/75,NA
usreprodney,12752,1120,4/26/13 14:05,1/3/95,NA
vernbuchanan,25969,2375,2/9/09 21:05,1/3/07,NA
virginiafoxx,21068,3276,9/12/08 13:30,1/3/05,NA
warrendavidson,7079,1276,6/14/16 15:08,6/7/16,NA
waxmanclimate,4615,794,8/27/12 20:31,1/3/75,1/3/15
westmoreland_ga,13771,3229,4/26/10 17:19,1/3/05,1/3/17
whiphoyer,101966,12664,2/26/09 14:13,5/19/81,NA
marlinstutzman,3159,1450,3/1/09 0:00,11/2/10,1/3/17